{"projects": ["tensorflow", "pytorch", "keras", "incubator-mxnet", "caffe"], "framework_names": ["TensorFlow", "PyTorch", "Keras", "MXNet", "Caffe"], "results": {"tensorflow": {"baseline": {"precision_mean": 0.6358, "recall_mean": 0.7226, "f1_mean": 0.5406, "precision_std": 0.0, "recall_std": 0.0, "f1_std": 0.0}, "enhanced": {"precision_mean": 0.4272709940461238, "precision_std": 0.10680491253630506, "recall_mean": 0.7940476190476191, "recall_std": 0.06389874714437926, "f1_mean": 0.5442465311469248, "f1_std": 0.0768324915008641}}, "pytorch": {"baseline": {"precision_mean": 0.6056, "recall_mean": 0.7402, "f1_mean": 0.5519, "precision_std": 0.0, "recall_std": 0.0, "f1_std": 0.0}, "enhanced": {"precision_mean": 0.5350849451093079, "precision_std": 0.08200506253579574, "recall_mean": 0.6034482758620691, "recall_std": 0.05397405462930529, "f1_mean": 0.561047493443148, "f1_std": 0.039954744987284456}}, "keras": {"baseline": {"precision_mean": 0.6285, "recall_mean": 0.6961, "f1_mean": 0.5369, "precision_std": 0.0, "recall_std": 0.0, "f1_std": 0.0}, "enhanced": {"precision_mean": 0.5110500195971649, "precision_std": 0.0527647619824194, "recall_mean": 0.7365853658536585, "recall_std": 0.06706208334081716, "f1_mean": 0.6013983642508447, "f1_std": 0.048013138441632706}}, "incubator-mxnet": {"baseline": {"precision_mean": 0.6138, "recall_mean": 0.7505, "f1_mean": 0.5479, "precision_std": 0.0, "recall_std": 0.0, "f1_std": 0.0}, "enhanced": {"precision_mean": 0.5843438759383032, "precision_std": 0.0818683339496405, "recall_mean": 0.4750000000000001, "recall_std": 0.09810708435174292, "f1_mean": 0.5160620772717547, "f1_std": 0.06889150023285424}}, "caffe": {"baseline": {"precision_mean": 0.5571, "recall_mean": 0.6234, "f1_mean": 0.4428, "precision_std": 0.0, "recall_std": 0.0, "f1_std": 0.0}, "enhanced": {"precision_mean": 0.42786269286269285, "precision_std": 0.17600160620516173, "recall_mean": 0.55, "recall_std": 0.10246950765959596, "f1_mean": 0.469226669323856, "f1_std": 0.1238380626700018}}}, "aggregate": {"baseline": {"precision": [0.6358, 0.6056, 0.6285, 0.6138, 0.5571], "recall": [0.7226, 0.7402, 0.6961, 0.7505, 0.6234], "f1": [0.5406, 0.5519, 0.5369, 0.5479, 0.4428]}, "enhanced": {"precision": [0.4272709940461238, 0.5350849451093079, 0.5110500195971649, 0.5843438759383032, 0.42786269286269285], "recall": [0.7940476190476191, 0.6034482758620691, 0.7365853658536585, 0.4750000000000001, 0.55], "f1": [0.5442465311469248, 0.561047493443148, 0.6013983642508447, 0.5160620772717547, 0.469226669323856]}}}